Aaliyah;F
Aaron;M
Abby;F
Abdallah;M
Abdelkader;M
Abdellah;M
Abdel;M
Abderrahmane;M
Abd;M
Abdoulaye;M
Abdoul;M
Abdou;M
Abdourahmane;M
Abdramane;M
Abdullah;M
Abel;M
Abigaël;F
Abigaëlle;F
Abigail;F
Abigaïl;F
Abishan;M
Aboubacar;M
Aboubakar;M
Abraham;M
Aby;F
Achille;M
Achraf;M
Ada;F
Adama;F
Adama;M
Adame;F
Adame;M
Adam;M
Adelaïde;F
Adélaïde;F
Adèle;F
Adelie;F
Adélie;F
Adeline;F
Adel;M
Adem;M
Aden;M
Adib;M
Adil;M
Adja;F
Adnane;M
Adriana;F
Adrian;M
Adriano;M
Adriel;M
Adrien;M
Aedan;M
Agathe;F
Aglae;F
Aglaé;F
Agnès;F
Aharon;M
Ahmad;M
Ahmed;M
Aicha;F
Aïcha;F
Aïda;F
Aidan;M
Aïdan;M
Aiden;M
Aïden;M
Aimee;F
Aimée;F
Aimé;M
Aïna;F
Aïsha;F
Aïssa;F
Aïssa;M
Aïssata;F
Aissatou;F
Aïssatou;F
Akram;M
Aksel;M
Aksil;M
Alaa;F
Alain;M
Alan;M
Alassane;M
Alba;F
Albane;F
Alban;M
Albéric;M
Albertine;F
Albert;M
Albin;M
Aldo;M
Alec;M
Aleksandar;M
Aleksandra;F
Alessandro;M
Alessia;F
Alessio;M
Alexander;M
Alexandra;F
Alexandre;M
Alexane;F
Alexia;F
Alexis;M
Alex;M
Alexy;X
Alfred;M
Alhassane;M
Alia;F
Alice;F
Alicia;F
Alienor;F
Aliénor;F
Ali;M
Alima;F
Alina;F
Aline;F
Aliou;M
Alisha;F
Alissa;F
Alistair;M
Alixe;F
Alix;F
Alix;M
Aliya;F
Aliyah;F
Alizee;F
Alizée;F
Allan;M
Allegra;F
Allya;F
Alma;F
Aloïs;M
Alone;M
Alon;M
Aloys;M
Alpha;M
Alphonse;M
Alya;F
Alyah;F
Alycia;F
Aly;M
Alyssa;F
Alyssia;F
Alysson;F
Amadou;M
Amaël;M
Amalia;F
Amanda;F
Amandine;F
Amani;F
Amani;M
Amara;M
Amar;M
Amaury;M
Ambre;F
Ambrine;F
Ambroise;M
Amel;F
Amelia;F
Amélia;F
Amelie;F
Amélie;F
Amicie;F
Amina;F
Aminata;F
Amine;M
Amin;M
Amira;F
Amir;M
Amjad;M
Amos;M
Amy;F
Anabelle;F
Anae;F
Anaé;F
Anael;F
Anaël;F
Anaelle;F
Anaëlle;F
Anaël;M
Ana;F
Anaïs;F
Anas;M
Anass;M
Anastasia;F
Anatole;M
Anaya;F
Andrea;F
Andréa;F
Andrea;M
Andréa;M
Andreas;M
Andréas;M
Andrei;M
Andre;M
André;M
Andrew;M
Andy;M
Anes;M
Ange;F
Angela;F
Angèle;F
Angel;F
Angelina;F
Angélina;F
Angeline;F
Angelique;F
Angel;M
Angelo;M
Ange;M
Angie;F
Ania;F
Anis;M
Anissa;F
Anita;F
Annabelle;F
Annaëlle;F
Anna;F
Anne;F
Anne-Laure;F
Anne-Sophie;F
Anouck;F
Anouk;F
Anselme;M
Anthony;M
Antoine;M
Antonia;F
Antoni;M
Antonin;M
Antonio;M
Anton;M
Antony;M
Anya;F
Apolline;F
Appoline;F
Archibald;M
Arda;M
Aria;F
Ariana;F
Ariane;F
Arielle;F
Ariel;M
Arie;M
Arié;M
Arij;F
Ari;M
Aris;M
Aristide;M
Armance;F
Armand;M
Arman;M
Armelle;F
Armel;M
Arnaud;M
Arno;M
Aron;M
Arsène;M
Arslane;M
Artemis;F
Arthur;M
Arthus;M
Arto;M
Artus;M
Arwa;F
Arwen;F
Arya;F
Ashley;F
Asia;F
Asmaa;F
Asma;F
Assa;F
Assetou;F
Assia;F
Assil;F
Assil;M
Assiya;F
Assya;F
Astou;F
Astrid;F
Athena;F
Athéna;F
Athenaïs;F
Athénaïs;F
Aubin;M
Aude;F
Audrey;F
Auguste;M
Augustine;F
Augustin;M
Aure;F
Aurèle;M
Aurelia;F
Aurelie;F
Aurélie;F
Aurelien;M
Aurélien;M
Aurel;M
Auriane;F
Aurore;F
Auxence;M
Ava;F
Aviel;M
Avi;M
Avital;F
Avril;F
Awa;F
Axelle;F
Axel;M
Ayaan;M
Aya;F
Ayah;F
Ayana;F
Aydan;M
Ayden;M
Ayem;F
Ayla;F
Aylan;M
Ayline;F
Aylin;F
Aymane;M
Ayman;M
Aymen;M
Aymeric;M
Ayoub;M
Aysha;F
Azad;M
Aziz;M
Babacar;M
Badis;M
Bafode;M
Bahia;F
Bakary;M
Balkis;F
Balthazar;M
Baptiste;M
Barbara;F
Barnabe;M
Barnabé;M
Barthelemy;M
Barthélemy;M
Basile;M
Basil;M
Basma;F
Bastian;M
Bastien;M
Baudouin;M
Baya;F
Beatrice;F
Béatrice;F
Bella;F
Benedicte;F
Benjamin;M
Ben;M
Benoit;M
Benoît;M
Benoït;M
Berenice;F
Bérénice;F
Bertille;F
Beryl;F
Béryl;F
Bettina;F
Betty;F
Beya;F
Bianca;F
Bilal;M
Bilel;M
Billie;F
Binta;F
Bintou;F
Blaise;M
Blanche;F
Blandine;F
Blessing;F
Bogdan;M
Bonnie;F
Boris;M
Bosco;M
Boubacar;M
Boubou;M
Bouchra;F
Bradley;M
Brahim;M
Brandon;M
Brayan;M
Briac;M
Brian;M
Brice;M
Brieuc;M
Brune;F
Bruno;M
Bryan;M
Calie;F
Calista;F
Calixte;M
Calvin;M
Camelia;F
Camélia;F
Cameron;M
Camila;F
Camilia;F
Camille;F
Camille;M
Camil;M
Camilo;M
Candice;F
Capucine;F
Carine;F
Carla;F
Carl;M
Carlotta;F
Carmen;F
Carolina;F
Caroline;F
Cassandra;F
Cassandre;F
Cassie;F
Cassiopee;F
Cassiopée;F
Castille;F
Catherine;F
Cecile;F
Cécile;F
Cecilia;F
Cécilia;F
Cedric;M
Cédric;M
Celeste;F
Céleste;F
Celestine;F
Célestine;F
Celestin;M
Célestin;M
Celia;F
Célia;F
Celian;M
Célian;M
Celina;F
Celine;F
Céline;F
Cerise;F
Cesar;M
César;M
Chaden;F
Chahine;M
Chahinez;F
Chaï;M
Chaima;F
Chaïma;F
Chanel;F
Charlène;F
Charles;M
Charlie;F
Charlie;M
Charline;F
Charlize;F
Charlotte;F
Charly;M
Chayma;F
Cheick;M
Cheick-Oumar;M
Cheikh;M
Chelsea;F
Chiara;F
Chirine;F
Chloe;F
Chloé;F
Chmouel;M
Chris;M
Christelle;F
Christian;M
Christina;F
Christine;F
Christ;M
Christophe;M
Christopher;M
Ciara;F
Cindy;F
Claire;F
Clara;F
Clarence;F
Clarence;M
Clarisse;F
Claudia;F
Clea;F
Cléa;F
Clelia;F
Clélia;F
Clelie;F
Clemence;F
Clémence;F
Clementine;F
Clémentine;F
Clement;M
Clément;M
Cleo;F
Cléo;F
Cleophee;F
Cléophée;F
Cloe;F
Cloé;F
Clothilde;F
Clotilde;F
Clovis;M
Colette;F
Coline;F
Colin;M
Colomban;M
Colombe;F
Côme;M
Constance;F
Constantin;M
Constant;M
Coralie;F
Coraline;F
Corentin;M
Corto;M
Cosima;F
Coumba;F
Cristiano;M
Curtis;M
Cynthia;F
Cyprien;M
Cyrian;M
Cyriaque;M
Cyrielle;F
Cyrille;M
Cyril;M
Cyrine;F
Cyrus;M
Dahlia;F
Dalia;F
Dali;X
Dalla;F
Dalya;F
Damian;M
Damien;M
Danae;F
Danaé;F
Dana;F
Dania;F
Daniela;F
Daniella;F
Daniel;M
Dani;M
Dan;M
Danny;M
Danyl;M
Dany;M
Daouda;M
Daoud;M
Daphnee;F
Daphnée;F
Daphne;F
Daphné;F
Daria;F
Darine;F
Dario;M
Darius;M
Darren;M
David;M
Dayane;M
Dayan;M
Deborah;F
Déborah;F
Delia;F
Delphine;F
Demba;M
Denis;M
Deva;F
Diana;F
Diane;F
Diego;M
Dieynaba;F
Dilan;M
Dimitri;M
Dina;F
Divine;F
Djena;F
Djeneba;F
Djenna;F
Djibril;M
Dominique;X
Domitille;F
Dora;F
Doriane;F
Dorian;M
Dounia;F
Dov;M
Driss;M
Dune;F
Dylan;M
Dyna;F
Eddy;M
Eden;F
Eden;M
Éden;M
Edgard;M
Edgar;M
Edmond;M
Edouard;M
Édouard;M
Eduard;M
Eduardo;M
Edward;M
Edwin;M
Eglantine;F
Eileen;F
Ela;F
Elea;F
Eléa;F
Éléa;F
Eleanore;F
Eléanore;F
Eleanor;F
Elena;F
Eléna;F
Eleonore;F
Eléonore;F
Éléonore;F
Elhadj;M
Elia;F
Eliahou;M
Elia;M
Eliana;F
Eliane;F
Elian;M
Elias;M
Élias;M
Elie;F
Eliel;M
Elie;M
Élie;M
Eliette;F
Elif;F
Elijah;M
Eli;M
Elina;F
Élina;F
Eline;F
Éline;F
Elinor;F
Elio;M
Élio;M
Eliora;F
Elior;M
Eliot;M
Eliott;M
Éliott;M
Elisabeth;F
Élisabeth;F
Elisa;F
Élisa;F
Elise;F
Élise;F
Elissa;F
Elizabeth;F
Eliza;F
Ella;F
Ellie;F
Elliot;M
Elliott;M
Elly;F
El;M
Eloane;F
Eloan;M
Elodie;F
Eloi;M
Éloi;M
Eloïse;F
Éloïse;F
Elona;F
Elone;M
Elon;M
Elora;F
Elouan;M
Elsa;F
Elvire;F
Elya;F
Elyana;F
Elyan;M
Elyas;M
Elyes;M
Elyès;M
Ely;M
Elyne;F
Elyssa;F
Ely;X
Ema;F
Emeline;F
Emie;F
Émie;F
Emi;F
Emile;M
Émile;M
Emilia;F
Emilie;F
Émilie;F
Emilien;M
Emilio;M
Emil;M
Emily;F
Emir;M
Emma;F
Emmanuella;F
Emmanuelle;F
Emmanuel;M
Emmie;F
Emmy;F
Emna;F
Emy;F
Eneko;M
Enguerrand;M
Ennio;M
Enola;F
Enora;F
Énora;F
Enzo;M
Ephraïm;M
Eric;M
Erika;F
Erik;M
Erine;F
Erin;F
Ernestine;F
Ernest;M
Erwan;M
Erwann;M
Esmée;F
Esteban;M
Estelle;F
Esther;F
Ethan;M
Éthan;M
Ethann;M
Ethel;F
Etienne;M
Étienne;M
Eugène;M
Eugenie;F
Eugénie;F
Eulalie;F
Eunice;F
Eurydice;F
Eva;F
Éva;F
Evan;M
Evann;M
Eve;F
Ève;F
Evy;F
Ewan;M
Ewen;M
Ewenn;M
Eya;F
Eyal;M
Eytan;M
Eythan;M
Ezio;M
Ezra;M
Fabien;M
Fabio;M
Fabrice;M
Fadi;M
Fady;M
Fahd;M
Faith;F
Fallou;M
Fanny;F
Fanta;F
Fantine;F
Farah;F
Fares;M
Farès;M
Farouk;M
Fatima;F
Fatimata;F
Fatima-Zahra;F
Fatim;F
Fatma;F
Fatou;F
Fatouma;F
Fatoumata;F
Faustine;F
Federico;M
Felicie;F
Félicie;F
Felicien;M
Felicite;X
Felix;M
Félix;M
Ferdinand;M
Feriel;F
Feryel;F
Filipe;M
Filip;M
Fiona;F
Firas;M
Firdaws;F
Flavia;F
Flavie;F
Flavien;M
Flavio;M
Fleur;F
Flora;F
Flore;F
Florence;F
Florentin;M
Florent;M
Floriane;F
Florian;M
Fode;M
Fodé;M
Foucauld;M
Francesca;F
Francesco;M
Francis;M
Franck;M
François;M
Franklin;M
Frederic;M
Frédéric;M
Frida;F
Gabin;M
Gabriela;F
Gabriele;M
Gabriella;F
Gabrielle;F
Gabriel;M
Gad;M
Gaëlle;F
Gael;M
Gaël;M
Gaetan;M
Gaétan;M
Gaëtan;M
Gaia;F
Gaïa;F
Garance;F
Gary;M
Gaspard;M
Gaspar;M
Gaston;M
Gauthier;M
Gautier;M
Geneviève;F
Geoffrey;M
Geoffroy;M
George;M
Georges;M
Georgia;F
Germain;M
Giacomo;M
Gianni;M
Gina;F
Giovanni;M
Gisèle;F
Giulia;F
Giulian;M
Giulio;M
Gloria;F
Gonzague;M
Goundo;F
Grace;F
Grâce;F
GrÃ¢ce;F
Gregoire;M
Grégoire;M
Gregory;M
Greta;F
Guilhem;M
Guillaume;M
Guillemette;F
Gustave;M
Guy;M
Gwenaëlle;F
Gwendoline;M
Habiba;F
Habib;M
Haby;F
Hadja;F
Hadriel;M
Hadrien;M
Hafsa;F
Haï;M
Haïm;M
Hajar;F
Hakim;M
Halima;F
Hamed;M
Hamidou;M
Hamza;M
Hanae;F
Hanaé;F
Hana;F
Hania;F
Hanna;F
Hannah;F
Haris;M
Harold;M
Haron;M
Harouna;M
Haroune;M
Haroun;M
Harry;M
Hasna;F
Hassane;M
Hassan;M
Hatem;M
Hatouma;F
Hawa;F
Haya;F
Hayden;M
Hector;M
Hedi;M
Hédi;M
Helena;F
Héléna;F
Helèna;F
Hélèna;F
Helène;F
Hélène;F
Helie;M
Hélie;M
Hélio;M
Helios;M
Hella;F
Heloïse;F
Héloïse;F
Henriette;F
Henri;M
Henry;M
Hermance;F
Hermine;F
Hiba;F
Hicham;M
Hidaya;F
Hillel;M
Hind;F
Hippolyte;M
Hocine;M
Honore;M
Honoré;M
Hortense;F
Houda;F
Hubert;M
Hugo;M
Hugues;M
Ian;M
Iban;M
Ibrahima;M
Ibrahim;M
Ida;F
Idan;M
Idir;M
Idris;M
Idrissa;M
Idriss;M
Igor;M
Ilana;F
Ilan;M
Ilhan;M
Iliana;F
Iliane;M
Ilian;M
Ilias;M
Ilies;M
Ilina;F
Ilona;F
Ilyana;F
Ilyane;M
Ilyan;M
Ilyas;M
Ilyass;M
Ilyes;M
Ilyès;M
Ilyess;M
Imad;M
Imane;F
Iman;F
Imany;F
Imene;F
Imène;F
Imen;F
Imrane;M
Imran;M
Inaya;F
Inayah;F
India;F
Ines;F
Inés;F
Inès;F
Inës;F
Inna;F
Inza;M
Irène;F
Irina;F
Iris;F
Isaac;M
Isabella;F
Isabelle;F
Isadora;F
Isaiah;M
Isaïah;M
Isaure;F
Isee;F
Isée;F
Iseult;F
Ishak;M
Ishaq;M
Isidore;M
Isis;F
Islam;M
Islem;M
Ismael;M
Ismaël;M
Ismail;M
Ismaïl;M
Israa;F
Israël;M
Isra;F
Issa;M
Issam;M
Issiaka;M
Ivan;M
Ivy;F
Iwan;M
Iyad;M
Iyed;M
Izia;F
Jack;M
Jacob;M
Jacqueline;F
Jacques;M
Jade;F
Jaden;M
Jad;M
Jalil;M
Jamal;M
James;M
Jana;F
Jane;F
Janelle;F
Jan;M
Janna;F
Jannah;F
Jarod;M
Jasmine;F
Jason;M
Jassem;M
Jassim;M
Jawad;M
Jawed;M
Jayan;M
Jayden;M
Jayson;M
Jean-Baptiste;M
Jean;M
Jean-Marc;M
Jeanne;F
Jed;M
Jehanne;F
Jenna;F
Jennah;F
Jennifer;F
Jenny;F
Jeremie;M
Jérémie;M
Jeremy;M
Jérémy;M
Jerôme;M
Jessica;F
Jessie;F
Jessim;M
Jessy;X
Jibril;M
Jihane;F
Jill;F
Jim;M
Jimmy;M
Jinane;F
Joachim;M
Joakim;M
Joana;F
Joan;M
Joanna;F
Joanne;F
Joaquim;M
Jodie;F
Joëlle;F
Joël;M
Joe;M
Joey;F
Joey;M
Johana;F
Johan;M
Johanna;F
Johanne;F
Johann;M
John;M
Johnny;M
Jonah;M
Jonas;M
Jonathan;M
Jordan;M
Joris;M
Josephine;F
Joséphine;F
Joseph;M
Josh;M
Joshua;M
Josue;M
Josué;M
Joud;M
Joyce;F
Joy;F
Juan;M
Juba;M
Jude;M
Judith;F
Jules;M
Julia;F
Juliana;F
Julian;M
Julianne;F
Julie;F
Julien;M
Juliette;F
June;F
Junior;M
Jun;M
Junon;F
Justine;F
Justin;M
Kacper;M
Kader;M
Kadiatou;F
Kadidia;F
Kadidiatou;F
Kadidja;F
Kady;F
Kahil;M
Kahina;F
Kaïna;F
Kaïs;M
Kamel;M
Kamila;F
Kamil;M
Karamba;M
Karamoko;M
Karen;F
Karim;M
Karine;F
Karla;F
Karl;M
Karolina;F
Kassim;M
Kate;F
Katell;F
Kathleen;F
Katia;F
Kawtar;F
Kawthar;F
Kayla;F
Kayliah;F
Kayna;F
Kays;M
Keira;F
Kelly;F
Kelvin;M
Kelya;F
Kelyan;M
Kenan;M
Kendra;F
Kendrick;M
Kenny;M
Kenza;F
Kenzi;M
Kenzo;M
Kenzy;M
Keren;F
Ketsia;F
Kevin;M
Kévin;M
Keyla;F
Keziah;X
Khadidiatou;F
Khadidja;F
Khadija;F
Khady;F
Khaled;M
Khalifa;M
Khalil;M
Kheira;F
Kiara;F
Kilian;M
Killian;M
Kilyan;M
Kimberly;F
Kim;F
Kimia;F
Kimi;M
Kiyan;M
Klara;F
Koumba;F
Kristina;F
Kurtis;M
Kyan;M
Kyle;M
Kylian;M
Kyliann;M
Kyllian;M
Ladji;M
Laetitia;F
Laëtitia;F
Lahna;F
Lalie;F
Lalya;F
Lamia;F
Lamine;M
Lana;F
Lancelot;M
Lara;F
Lassana;M
Laszlo;M
Latifa;F
Laura;F
Laure;F
Laurène;F
Lauren;F
Laurent;M
Lauriane;F
Laurine;F
Lauryn;F
Laya;F
Layana;F
Layanah;F
Layane;F
Layla;F
Layna;F
Lazare;M
Lazar;M
Lea;F
Léa;F
Léah;F
Leana;F
Léana;F
Leandre;M
Léandre;M
Leandro;M
Léandro;M
Leane;F
Léane;F
Leanne;F
Leelou;F
Lehna;F
Leia;F
Leïa;F
Leila;F
Leïla;F
Leïna;F
Lena;F
Léna;F
Leni;F
Lenny;M
Leny;M
Leo;M
Léo;M
Léona;F
Leonard;M
Léonard;M
Leonardo;M
Leonie;F
Léonie;F
Leon;M
Léon;M
Leonore;F
Léonore;F
Leonor;F
Léonor;F
Leontine;F
Léontine;F
Leo-Paul;M
Léo-Paul;M
Leopoldine;F
Léopoldine;F
Leopold;M
Léopold;M
Leslie;F
Leticia;F
Levana;F
Levi;M
Lévi;M
Lewis;M
Leya;F
Leyla;F
Leyna;F
Lia;F
Liam;M
Liana;F
Liel;F
Liham;M
Lila;F
Lilas;F
Lilia;F
Liliana;F
Liliane;F
Lilian;M
Lilie;F
Lili;F
Lili-Rose;F
Lilly;F
Lilou;F
Lilwenn;F
Lilya;F
Lily;F
Lily-Rose;F
Lina;F
Linda;F
Lindsay;F
Line;F
Linoï;F
Lino;M
Linoy;F
Lionel;M
Liora;F
Lior;M
Lirone;M
Lisa;F
Lisandro;M
Lise;F
Lison;F
Lital;F
Liv;F
Livia;F
Livio;M
Liya;F
Liyah;F
Liza;F
Liz;F
Loane;F
Loan;M
Logan;M
Lohan;M
Loïc;M
Loïse;F
Loïs;F
Loïs;M
Lola;F
Lorena;F
Lorenzo;M
Loris;M
Lorraine;F
Louane;F
Lou-Anne;F
Louann;F
Lou-Ann;F
Louay;M
Loubna;F
Louca;M
Lou;F
Louisa;F
Louise;F
Louis;M
Louis-Marie;F
Louison;F
Louison;M
Louka;M
Loula;F
Lou;M
Louna;F
Lounis;M
Loup;M
Luan;X
Lubin;M
Luca;M
Lucas;M
Luce;F
Lucia;F
Lucie;F
Lucien;M
Lucile;F
Lucille;F
Luc;M
Lucy;F
Ludivine;F
Ludmila;F
Ludovic;M
Luigi;M
Luisa;F
Luis;M
Luka;M
Lukas;M
Luke;M
Lula;F
Luna;F
Luz;F
Lya;F
Lyah;F
Lyam;M
Lyana;F
Lydia;F
Lyes;M
Lyham;M
Lyla;F
Lylia;F
Lylou;F
Lyna;F
Lyne;F
Lynn;F
Lysandre;M
Lyse;F
;M
Maayane;F
Maceo;M
Macéo;M
Madeleine;F
Madeline;F
Madina;F
Mado;F
Mady;F
Mady;M
Mae;F
Maé;F
Maëlie;F
Maëline;F
Maélis;F
Maëlis;F
Maelle;F
Maëlle;F
Mael;M
Maël;M
Maëly;F
Maëlyne;F
Maelys;F
Maëlys;F
Maé;M
Maeva;F
Maéva;F
Maëva;F
Magdalena;F
Mahamadou;M
Mahault;F
Mahaut;F
Mahdi;M
Mahe;M
Mahé;M
Maher;M
Mahmoud;M
Maia;F
Maïa;F
Mai;F
Maï;F
Maïly;F
Maïlys;F
Maimouna;F
Maïmouna;F
Maïna;F
Maissa;F
Maïssa;F
Maïssane;F
Maïwenn;F
Maja;F
Makan;M
Maksim;M
Malak;F
Malcolm;M
Malek;F
Malek;M
Malia;F
Malick;M
Malika;F
Malik;M
Malo;M
Malone;M
Mamadou;M
Mame;F
Mamoudou;M
Mamou;F
Manal;F
Manar;M
Manel;F
Manelle;F
Manil;M
Manon;F
Manuela;F
Manuel;M
Mara;F
Maram;F
Marc-Antoine;M
Marceau;M
Marcello;M
Marcel;M
Marc;M
Marco;M
Marcus;M
Margaux;F
Margo;F
Margot;F
Marguerite;F
Maria;F
Mariama;F
Mariame;F
Mariam;F
Marianne;F
Marie-Ange;F
Marie;F
Marie-Lou;F
Mariem;F
Marilou;F
Marina;F
Marine;F
Marin;M
Mario;M
Marion;F
Marius;M
Marjane;F
Marjorie;F
Mark;M
Marko;M
Marley;F
Marley;M
Marlon;M
Marnie;F
Marouane;M
Marta;F
Martha;F
Marthe;F
Martin;M
Marvin;M
Marwa;F
Marwane;M
Marwan;M
Marwen;F
Maryam;F
Marylou;F
Massil;M
Massinissa;M
Massyl;M
Mateja;M
Mateo;M
Matéo;M
Mateusz;M
Matheo;M
Mathéo;M
Mathias;M
Mathieu;M
Mathilda;F
Mathilde;F
Mathis;M
Mathurin;M
Mathys;M
Matias;M
Matilda;F
Matilde;F
Matis;M
Matisse;M
Matteo;M
Mattéo;M
Mattheo;M
Matthew;M
Matthias;M
Matthieu;M
Matthis;M
Mattia;M
Matt;M
Matys;M
Maude;F
Maud;F
Maureen;F
Maxence;M
Maxens;M
Maxime;F
Maxime;M
Maximilian;M
Maximilien;M
Maxim;M
Maxine;F
Max;M
Maya;F
Mayane;F
Mayar;F
Mayas;M
Mayeul;M
May;F
Mayline;F
Maylis;F
Maÿlis;F
Mayssa;F
Mayssane;F
Mehdi;M
Meir;M
Meïr;M
Meïssa;F
Melanie;F
Mélanie;F
Melchior;M
Melia;F
Mélia;F
Mélie;F
Melina;F
Mélina;F
Melinda;F
Mélinda;F
Meline;F
Méline;F
Mélisande;F
Melissa;F
Mélissa;F
Mellina;F
Méllina;F
Melodie;F
Mélodie;F
Melody;F
Melusine;F
Melvil;M
Melvin;M
Melvyn;M
Menahem;M
Mendel;M
Meriam;F
Meriem;F
Merlin;M
Merwan;M
Meryam;F
Meryem;F
Meryl;F
Meyron;M
Mia;F
Michael;M
Michaël;M
Michelle;F
Michel;M
Mickael;M
Mickaël;M
Miguel;M
Mikail;M
Mikaïl;M
Mika;M
Mike;M
Mila;F
Milan;M
Milena;F
Milhan;M
Milica;F
Milla;F
Milo;M
Mina;F
Minh;M
Mira;F
Miya;F
Moche;M
Modibo;M
Mody;M
Mohamed-Ali;M
Mohamed-Amine;M
Mohamed-Lamine;M
Mohamed;M
Mohammad;M
Mohammed;M
Moïra;F
Moïse;M
Mona;F
Monica;F
Morgane;F
Morgan;M
Mory;M
Mouad;M
Mouctar;M
Mouhamadou;M
Mouhamed;M
Mouhammad;M
Moulay;M
Moussa;M
Moustafa;M
Moustapha;M
Muhammad;M
Muhammed;M
Mustapha;M
Mya;F
Myla;F
Mylan;M
Myriam;F
Myrtille;F
Nabil;M
Nada;F
Nadia;F
Nadine;F
Nadir;M
Naelle;F
Naëlle;F
Nael;M
Naël;M
Nahel;M
Nahia;F
Nahil;M
Nahla;F
Nahyl;M
Naïa;F
Naila;F
Naïla;F
Naïl;M
Naïma;F
Naïm;M
Naïs;F
Nala;F
Namizata;F
Namory;M
Nana;F
Naomie;F
Naomi;F
Naor;M
Nassim;M
Natacha;F
Natalia;F
Natasha;F
Nathaël;M
Nathalie;F
Nathanael;M
Nathanaël;M
Nathaniel;M
Nathan;M
Nawal;F
Nawel;F
Nawfel;M
Naya;F
Nayel;M
Nayla;F
Nazim;M
Neela;F
Neïla;F
Neil;M
Nelia;F
Nélia;F
Nell;F
Nelly;F
Nelson;M
Nelya;F
Nélya;F
Nene;F
Neo;M
Néo;M
Nermine;F
Nesrine;F
Neyla;F
Niame;F
Nicolas;M
Nicole;F
Niels;M
Nikita;M
Nikola;M
Nil;M
Nils;M
Nina;F
Nine;F
Nino;M
Ninon;F
Niouma;F
Nizar;M
Noa;F
Noah;F
Noah;M
Noa;M
Noam;M
Noan;M
Noélia;F
Noelie;F
Noélie;F
Noe;M
Noé;M
Noemie;F
Noémie;F
Noemi;F
Noha;F
Noha;M
Noham;M
Nohan;M
Noha;X
Nohé;M
Nola;F
Nolan;M
Nolann;M
Nolhan;M
Noor;F
Nora;F
Norah;F
Norhane;F
Nouha;M
Noura;F
Nourane;F
Nour;F
Nour;M
Oceane;F
Océane;F
Octave;M
Odelia;F
Odélia;F
Olga;F
Olive;F
Oliver;M
Olivia;F
Olivier;M
Oliwia;F
Olympe;F
Olympia;F
Omar;M
Ombeline;F
Ondine;F
Oona;F
Ophelie;F
Ophélie;F
Ora;F
Oren;M
Oriane;F
Orlane;F
Ornella;F
Orso;M
Ortal;F
Oscar;M
Oskar;M
Othmane;M
Otto;M
Oumar;M
Oumou;F
Ousmane;M
Oussama;M
Ovadia;M
Owen;M
Pablo;M
Paco;M
Pacôme;M
Paloma;F
Paola;F
Paolo;M
Pape;M
Paris;X
Pascal;M
Patricia;F
Patrick;M
Paula;F
Paul-Antoine;M
Paul-Arthur;M
Pauline;F
Paulin;M
Paul;M
Pedro;M
Penda;F
Penelope;F
Pénélope;F
Perla;F
Perle;F
Perrine;F
Peter;M
Petronille;F
Pharell;M
Phileas;M
Philemon;M
Philémon;M
Philippa;F
Philippe;M
Philippine;F
Philomène;F
Pia;F
Pierre-Alexandre;M
Pierre-Antoine;M
Pierre-Louis;M
Pierre;M
Pietro;M
Pol;M
Prenoms;Sexe
Preston;M
Prince;M
Prisca;F
Priscille;F
Prosper;M
Prudence;F
Prune;F
Qassim;M
Quentin;M
Quitterie;F
Racha;F
Rachel;F
Rafaela;F
Rafael;M
Rafaël;M
Rahim;M
Rahma;F
Ramata;F
Rami;M
Ramy;M
Rana;F
Rania;F
Ranim;F
Ranya;F
Raoul;M
Raphaëlle;F
Raphael;M
Raphaël;M
Rawane;F
Rayane;M
Rayan;M
Rayen;M
Rayhana;F
Razane;F
Rebecca;F
Rébecca;F
Reda;M
Remi;M
Rémi;M
Remy;M
Rémy;M
Riad;M
Ricardo;M
Richard;M
Rim;F
Rita;F
Ritaj;F
Ritej;F
Rivka;F
Riyad;M
Robert;M
Robin;M
Robinson;M
Roch;M
Rodrigo;M
Rodrigue;M
Rohan;M
Rokia;F
Rokya;F
Romain;M
Romaïssa;F
Romane;F
Roman;M
Romeo;M
Roméo;M
Romie;F
Romy;F
Ronan;M
Ron;M
Rosa;F
Rosalie;F
Rose;F
Roxane;F
Roxanne;F
Roy;M
Ruben;M
Ruby;F
Rudy;M
Ruth;F
Ryad;M
Ryan;M
Rym;F
Saad;M
Sabri;M
Sabrina;F
Sabrine;F
Sacha;F
Sacha;M
Sadio;F
Safa;F
Safia;F
Safiatou;F
Safiya;F
Safya;F
Sahel;M
Said;M
Saïd;M
Saif;M
Saja;F
Sakina;F
Salem;M
Salif;M
Salima;F
Salimata;F
Salim;M
Sally;F
Salma;F
Salman;M
Salome;F
Salomé;F
Salomon;M
Samantha;F
Samba;M
Samia;F
Sami;M
Samira;F
Samir;M
Sam;M
Samson;M
Samuel;M
Samy;M
Sanaa;F
Sana;F
Sandra;F
Sandro;M
Santiago;M
Sara;F
Sarah;F
Sarra;F
Sasha;F
Sasha;M
Saskia;F
Satine;F
Saul;M
Savannah;F
Scarlett;F
Scott;M
Sean;M
Sebastian;M
Sebastien;M
Sébastien;M
Sekou;M
Selena;F
Séléna;F
Selène;F
Sélène;F
Selim;M
Selma;F
Selyan;M
Sephora;F
Serena;F
Séréna;F
Serge;M
Serine;F
Sérine;F
Seydina;M
Seydou;M
Seynabou;F
Shaïly;F
Shaï;M
Shaïma;F
Shaïna;F
Shana;F
Shanice;F
Shani;F
Shanna;F
Shannon;F
Shanon;F
Shany;F
Sharon;F
Shawn;M
Shayan;M
Shay;M
Shayma;F
Shayna;F
Shelly;F
Sherine;F
Shirel;F
Shirine;F
Shyrel;F
Sia;F
Sibylle;F
Sidi;M
Sidney;M
Sidonie;F
Sidy;M
Sienna;F
Siham;F
Sihem;F
Silas;M
Siloe;F
Simeon;M
Siméon;M
Simone;F
Simon;M
Sinan;M
Sira;F
Sirine;F
Sixte;M
Sixtine;F
Skander;M
Soan;M
Sofia;F
Sofiane;M
Sofya;F
Sohane;F
Sohan;M
Sokhna;F
Solal;M
Solange;F
Solène;F
Solenn;F
Soline;F
Solveig;F
Sonia;F
Sophia;F
Sophie;F
Soraya;F
Soren;M
Soukaïna;F
Soulayman;M
Souleymane;M
Souleyman;M
Soumaya;F
Stacy;F
Stanislas;M
Stanley;M
Stan;M
Steeve;M
Stefan;M
Stella;F
Stephane;M
Stéphane;M
Stephanie;F
Steve;M
Steven;M
Suzanne;F
Suzie;F
Sven;M
Swan;M
Swann;F
Swann;M
Sybille;F
Sydney;F
Sylia;F
Sylvain;M
Sylvia;F
Sylvie;F
Syrine;F
Taha;M
Tahar;M
Tahel;F
Taïna;F
Taïs;F
Tal;F
Talia;F
Tali;F
Talya;F
Tamara;F
Tancrède;M
Tanguy;M
Tania;F
Tanya;F
Tao;M
Tara;F
Tasnime;F
Tasnim;F
Tatiana;F
Taym;M
Tayron;M
Tea;F
Teddy;M
Telma;F
Teo;M
Téo;M
Terence;M
Térence;M
Tesnime;F
Tesnim;F
Tessa;F
Tess;F
Thaïs;F
Thalia;F
Thanina;F
Thea;F
Théa;F
Thelma;F
Théodora;F
Theodore;M
Théodore;M
Theo;M
Théo;M
Theophane;M
Théophane;M
Theophile;M
Théophile;M
Theotime;M
Théotime;M
Therèse;F
Thiago;M
Thibaud;M
Thibault;M
Thibaut;M
Thierno;M
Thierry;M
Thomas;M
Tia;F
Tiago;M
Tiana;F
Tidiane;M
Tiffany;F
Tiguida;F
Tilio;M
Timeo;M
Timéo;M
Tim;M
Timothee;M
Timothée;M
Timothe;M
Timothé;M
Timothy;M
Tina;F
Tiphaine;F
Titouan;M
Tobias;M
Toma;M
Tomas;M
Tom;M
Tommy;M
Tony;M
Toscane;F
Tracy;F
Tristan;M
Tsipora;F
Tybalt;M
Tyler;M
Tymeo;M
Tyron;M
Ugo;M
Ulysse;M
Vadim;M
Valentina;F
Valentine;F
Valentin;M
Valentino;M
Valère;M
Valeria;F
Valérian;M
Valerie;M
Vanessa;F
Vasco;M
Vera;F
Vianney;M
Victoire;F
Victoria;F
Victorien;M
Victor;M
Viktoria;F
Viktor;M
Vincent;M
Violette;F
Virgile;M
Virgil;M
Virginie;F
Viviane;F
Vivien;M
Vivienne;F
Vladimir;M
Wael;M
Waël;M
Waïl;M
Walid;M
Wandrille;M
Warren;M
Wassil;M
Wassim;M
Wendy;F
Wesley;M
Wiem;F
Wiktoria;F
Wilfried;M
William;M
Willy;M
Wilson;M
Wissam;F
Wissam;M
Wissem;M
Xavier;M
Yacine;M
Yacouba;M
Yacoub;M
Yael;F
Yaël;F
Yaëlle;F
Yahya;M
Yakine;F
Yamina;F
Yani;M
Yanis;M
Yannick;M
Yanni;M
Yannis;M
Yann;M
Yara;F
Yaron;M
Yasin;M
Yasmina;F
Yasmine;F
Yasser;M
Yassine;M
Yassin;M
Yaya;M
Yaya;X
Yazid;M
Ylan;M
Yoan;M
Yoann;M
Yoav;M
Yoel;M
Yoël;M
Yohan;M
Yohann;M
Yona;F
Yoni;M
Yosra;F
Yossef;M
Youcef;M
Youmna;F
Youna;F
Younes;M
Younès;M
Youness;M
Younouss;M
Youri;M
Yousra;F
Youssef;M
Youssouf;M
Ysee;F
Ysée;F
Yse;F
Ysé;F
Yumi;F
Yuna;F
Yuri;M
Yusuf;M
Yvan;M
Yves;M
Zacharia;M
Zacharie;M
Zachary;M
Zackary;M
Zack;M
Zadig;M
Zahra;F
Zakaria;M
Zakariya;M
Zakarya;M
Zakary;M
Zara;F
Zayd;M
Zaynab;F
Zayneb;F
Zayn;M
Zeinab;F
Zelda;F
Zelie;F
Zélie;F
Zephyr;M
Zéphyr;M
Zeynab;F
Ziad;M
Zina;F
Zineb;F
Zinedine;M
Ziyad;M
Zoe;F
Zoé;F
Zoë;F
Zoey;F
Zohra;F
Zuzanna;F
Zyad;M
